{
    "keep": {
        "days": true,
        "amount": 30
    },
    "auditLog": "logs\\.b03d800dd7bec579490011393f2e79f50569ffcb-audit.json",
    "files": [
        {
            "date": 1722261757038,
            "name": "logs\\2024-07-29.log",
            "hash": "07a2965ad7488d3279a02ecc91abe629efe372f2b672f1e6ab8587139bbec6dd"
        },
        {
            "date": 1722298592363,
            "name": "logs\\2024-07-30.log",
            "hash": "4883d6f51cf443e9eb62f4e1b460e4ba15dafcfd112880522de8b275237863c1"
        },
        {
            "date": 1722395929211,
            "name": "logs\\2024-07-31.log",
            "hash": "698ca3836ffd01a8345829fe1160ff16cfbbd9388e47517a90d1988b54bc2938"
        }
    ],
    "hashType": "sha256"
}